<?xml version="1.0"?>
<ruleset name="SAW LMS Coding Standards">
	<description>WordPress Coding Standards for SAW LMS Plugin</description>
	<file>.</file>
	<exclude-pattern>*/vendor/*</exclude-pattern>
	<exclude-pattern>*/node_modules/*</exclude-pattern>
	<exclude-pattern>*/tests/*</exclude-pattern>
	<exclude-pattern>*/assets/*</exclude-pattern>
	<exclude-pattern>*/languages/*</exclude-pattern>
	<arg value="sp"/>
	<arg name="basepath" value="."/>
	<arg name="colors"/>
	<arg name="extensions" value="php"/>
	<arg name="parallel" value="8"/>
	<config name="testVersion" value="7.4-"/>
	<rule ref="WordPress">
		<exclude name="Generic.Arrays.DisallowShortArraySyntax"/>
		<exclude name="WordPress.PHP.YodaConditions"/>
	</rule>
	<rule ref="WordPress.WP.I18n">
		<properties>
			<property name="text_domain" type="array">
				<element value="saw-lms"/>
			</property>
		</properties>
	</rule>
	<rule ref="WordPress.NamingConventions.PrefixAllGlobals">
		<properties>
			<property name="prefixes" type="array">
				<element value="saw_lms"/>
				<element value="SAW_LMS"/>
			</property>
		</properties>
	</rule>
	<config name="minimum_supported_wp_version" value="5.8"/>
</ruleset>